<?xml version="1.0" encoding="UTF-8" standalone="yes"?>
<addon id="script.module.soju6jan_common" name="Soju6jan Common Lib" version="1.0.0" provider-name="soju6jan">
	<requires>
		<import addon="xbmc.python" version="3.0.0" />
		<import addon="script.module.requests" />
	</requires>
	<extension point="xbmc.python.module" library="lib" />
	<extension point="xbmc.addon.metadata">
		<summary>Soju6jan Common Lib for Kodi 19</summary>
		<description/>
		<disclaimer/>
		<platform>all</platform>
	</extension>
</addon>
