<?xml version="1.0" encoding="UTF-8" standalone="yes"?>
<addon id="metadata.sjva.jav_censored"
       name="SJVA Jav Censored"
       version="1.1.0"
       provider-name="TEAM SJVA">
  <requires>
    <import addon="xbmc.metadata" version="2.1.0"/>
    <import addon="xbmc.python" version="3.0.0"/>
    <import addon="script.module.requests"/>
  </requires>
  <extension point="xbmc.metadata.scraper.movies"
             library="main.py"/>
  <extension point="xbmc.addon.metadata">
    <summary lang="en">only for SJVA user</summary>
    <description lang="en"></description>
    <platform>all</platform>
    <license>GPL v2.0</license>
    <assets>
    </assets>
  </extension>
</addon>    
