<?xml version="1.0" encoding="UTF-8" standalone="yes"?>
<addon id="repository.soju6jan" name="Soju6jan Repository" version="1.0.1" provider-name="soju6jan">
	<extension point="xbmc.addon.repository" name="Soju6jan Repository">
		<info compressed="false">https://raw.githubusercontent.com/soju6jan/repository.soju6jan/main/addons.xml</info>
		<checksum>https://raw.githubusercontent.com/soju6jan/repository.soju6jan/main/addons.xml.md5</checksum>
		<datadir zip="true">https://raw.githubusercontent.com/soju6jan/repository.soju6jan/main/zip/</datadir>
	</extension>
	<extension point="xbmc.addon.metadata">
		<summary>Soju6jan Addons for Kodi 19</summary>
		<description/>
		<disclaimer/>
		<platform>all</platform>
	</extension>
</addon>